Image Name,Width,Height,Area,Perimeter,Saved Path
0001.jpg,452,338,152776,1580,BB_output\0001.jpg
0002.jpg,452,338,152776,1580,BB_output\0002.jpg
0003.jpg,452,338,152776,1580,BB_output\0003.jpg
0004.jpg,452,337,152324,1578,BB_output\0004.jpg
0005.jpg,452,338,152776,1580,BB_output\0005.jpg
0006.jpg,452,338,152776,1580,BB_output\0006.jpg
0007.jpg,452,338,152776,1580,BB_output\0007.jpg
0008.jpg,452,338,152776,1580,BB_output\0008.jpg
0009.jpg,452,338,152776,1580,BB_output\0009.jpg
0010.jpg,452,337,152324,1578,BB_output\0010.jpg
0011.jpg,452,338,152776,1580,BB_output\0011.jpg
0012.jpg,452,338,152776,1580,BB_output\0012.jpg
0013.jpg,452,338,152776,1580,BB_output\0013.jpg
0014.jpg,452,338,152776,1580,BB_output\0014.jpg
0015.jpg,452,337,152324,1578,BB_output\0015.jpg
0016.jpg,452,338,152776,1580,BB_output\0016.jpg
0017.jpg,452,338,152776,1580,BB_output\0017.jpg
0018.jpg,452,338,152776,1580,BB_output\0018.jpg
0019.jpg,452,338,152776,1580,BB_output\0019.jpg
0020.jpg,452,338,152776,1580,BB_output\0020.jpg
0021.jpg,452,337,152324,1578,BB_output\0021.jpg
0022.jpg,452,337,152324,1578,BB_output\0022.jpg
0023.jpg,452,338,152776,1580,BB_output\0023.jpg
0024.jpg,452,337,152324,1578,BB_output\0024.jpg
0025.jpg,452,337,152324,1578,BB_output\0025.jpg
0026.jpg,452,338,152776,1580,BB_output\0026.jpg
0027.jpg,452,337,152324,1578,BB_output\0027.jpg
0028.jpg,452,338,152776,1580,BB_output\0028.jpg
0029.jpg,452,338,152776,1580,BB_output\0029.jpg
0030.jpg,452,338,152776,1580,BB_output\0030.jpg
0031.jpg,452,338,152776,1580,BB_output\0031.jpg
0032.jpg,452,338,152776,1580,BB_output\0032.jpg
0033.jpg,452,337,152324,1578,BB_output\0033.jpg
0034.jpg,452,338,152776,1580,BB_output\0034.jpg
0035.jpg,452,338,152776,1580,BB_output\0035.jpg
0036.jpg,452,337,152324,1578,BB_output\0036.jpg
0037.jpg,452,338,152776,1580,BB_output\0037.jpg
0038.jpg,452,338,152776,1580,BB_output\0038.jpg
0039.jpg,452,338,152776,1580,BB_output\0039.jpg
0040.jpg,452,338,152776,1580,BB_output\0040.jpg
0041.jpg,452,338,152776,1580,BB_output\0041.jpg
0042.jpg,452,338,152776,1580,BB_output\0042.jpg
0043.jpg,452,338,152776,1580,BB_output\0043.jpg
0044.jpg,452,338,152776,1580,BB_output\0044.jpg
0045.jpg,452,338,152776,1580,BB_output\0045.jpg
0046.jpg,452,338,152776,1580,BB_output\0046.jpg
0047.jpg,452,338,152776,1580,BB_output\0047.jpg
0048.jpg,452,337,152324,1578,BB_output\0048.jpg
0049.jpg,452,338,152776,1580,BB_output\0049.jpg
0050.jpg,452,338,152776,1580,BB_output\0050.jpg
0051.jpg,452,338,152776,1580,BB_output\0051.jpg
0052.jpg,452,337,152324,1578,BB_output\0052.jpg
0053.jpg,452,338,152776,1580,BB_output\0053.jpg
0054.jpg,452,337,152324,1578,BB_output\0054.jpg
0055.jpg,452,338,152776,1580,BB_output\0055.jpg
0056.jpg,452,338,152776,1580,BB_output\0056.jpg
0057.jpg,452,338,152776,1580,BB_output\0057.jpg
0058.jpg,452,338,152776,1580,BB_output\0058.jpg
0059.jpg,452,338,152776,1580,BB_output\0059.jpg
0060.jpg,452,338,152776,1580,BB_output\0060.jpg
0061.jpg,452,337,152324,1578,BB_output\0061.jpg
0062.jpg,452,338,152776,1580,BB_output\0062.jpg
0063.jpg,452,338,152776,1580,BB_output\0063.jpg
0064.jpg,452,338,152776,1580,BB_output\0064.jpg
0065.jpg,452,338,152776,1580,BB_output\0065.jpg
0066.jpg,452,338,152776,1580,BB_output\0066.jpg
0067.jpg,452,338,152776,1580,BB_output\0067.jpg
0068.jpg,452,338,152776,1580,BB_output\0068.jpg
0069.jpg,452,338,152776,1580,BB_output\0069.jpg
0070.jpg,452,338,152776,1580,BB_output\0070.jpg
0071.jpg,452,338,152776,1580,BB_output\0071.jpg
0072.jpg,452,337,152324,1578,BB_output\0072.jpg
0073.jpg,452,338,152776,1580,BB_output\0073.jpg
0074.jpg,452,338,152776,1580,BB_output\0074.jpg
0075.jpg,452,338,152776,1580,BB_output\0075.jpg
0076.jpg,452,338,152776,1580,BB_output\0076.jpg
0077.jpg,452,338,152776,1580,BB_output\0077.jpg
0078.jpg,452,337,152324,1578,BB_output\0078.jpg
0079.jpg,452,338,152776,1580,BB_output\0079.jpg
0080.jpg,452,338,152776,1580,BB_output\0080.jpg
0081.jpg,452,337,152324,1578,BB_output\0081.jpg
0082.jpg,452,338,152776,1580,BB_output\0082.jpg
0083.jpg,452,338,152776,1580,BB_output\0083.jpg
0084.jpg,452,337,152324,1578,BB_output\0084.jpg
0085.jpg,452,338,152776,1580,BB_output\0085.jpg
0086.jpg,452,338,152776,1580,BB_output\0086.jpg
0087.jpg,452,337,152324,1578,BB_output\0087.jpg
0088.jpg,452,338,152776,1580,BB_output\0088.jpg
0089.jpg,452,338,152776,1580,BB_output\0089.jpg
0090.jpg,452,337,152324,1578,BB_output\0090.jpg
0091.jpg,452,337,152324,1578,BB_output\0091.jpg
0092.jpg,452,337,152324,1578,BB_output\0092.jpg
0093.jpg,452,337,152324,1578,BB_output\0093.jpg
0094.jpg,452,338,152776,1580,BB_output\0094.jpg
0095.jpg,452,338,152776,1580,BB_output\0095.jpg
0096.jpg,452,338,152776,1580,BB_output\0096.jpg
0097.jpg,452,337,152324,1578,BB_output\0097.jpg
0098.jpg,452,338,152776,1580,BB_output\0098.jpg
0099.jpg,452,338,152776,1580,BB_output\0099.jpg
0100.jpg,452,338,152776,1580,BB_output\0100.jpg
0101.jpg,452,338,152776,1580,BB_output\0101.jpg
0102.jpg,452,337,152324,1578,BB_output\0102.jpg
0103.jpg,452,337,152324,1578,BB_output\0103.jpg
0104.jpg,452,338,152776,1580,BB_output\0104.jpg
0105.jpg,452,338,152776,1580,BB_output\0105.jpg
0106.jpg,452,338,152776,1580,BB_output\0106.jpg
0107.jpg,452,337,152324,1578,BB_output\0107.jpg
0108.jpg,452,338,152776,1580,BB_output\0108.jpg
0109.jpg,452,338,152776,1580,BB_output\0109.jpg
0110.jpg,452,337,152324,1578,BB_output\0110.jpg
0111.jpg,452,338,152776,1580,BB_output\0111.jpg
0112.jpg,452,338,152776,1580,BB_output\0112.jpg
0113.jpg,452,338,152776,1580,BB_output\0113.jpg
0114.jpg,452,338,152776,1580,BB_output\0114.jpg
0115.jpg,452,338,152776,1580,BB_output\0115.jpg
0116.jpg,452,337,152324,1578,BB_output\0116.jpg
0117.jpg,452,338,152776,1580,BB_output\0117.jpg
0118.jpg,452,338,152776,1580,BB_output\0118.jpg
0119.jpg,452,338,152776,1580,BB_output\0119.jpg
0120.jpg,452,338,152776,1580,BB_output\0120.jpg
0121.jpg,452,338,152776,1580,BB_output\0121.jpg
0122.jpg,452,337,152324,1578,BB_output\0122.jpg
0123.jpg,452,338,152776,1580,BB_output\0123.jpg
0124.jpg,452,338,152776,1580,BB_output\0124.jpg
0125.jpg,452,337,152324,1578,BB_output\0125.jpg
0126.jpg,452,337,152324,1578,BB_output\0126.jpg
0127.jpg,452,338,152776,1580,BB_output\0127.jpg
0128.jpg,452,337,152324,1578,BB_output\0128.jpg
0129.jpg,452,338,152776,1580,BB_output\0129.jpg
0130.jpg,452,338,152776,1580,BB_output\0130.jpg
0131.jpg,452,338,152776,1580,BB_output\0131.jpg
0132.jpg,452,337,152324,1578,BB_output\0132.jpg
0133.jpg,452,338,152776,1580,BB_output\0133.jpg
0134.jpg,452,338,152776,1580,BB_output\0134.jpg
0135.jpg,452,338,152776,1580,BB_output\0135.jpg
0136.jpg,452,338,152776,1580,BB_output\0136.jpg
0137.jpg,452,338,152776,1580,BB_output\0137.jpg
0138.jpg,452,338,152776,1580,BB_output\0138.jpg
0139.jpg,452,337,152324,1578,BB_output\0139.jpg
0140.jpg,452,338,152776,1580,BB_output\0140.jpg
0141.jpg,452,338,152776,1580,BB_output\0141.jpg
0142.jpg,452,337,152324,1578,BB_output\0142.jpg
0143.jpg,452,338,152776,1580,BB_output\0143.jpg
0144.jpg,452,338,152776,1580,BB_output\0144.jpg
0145.jpg,452,338,152776,1580,BB_output\0145.jpg
0146.jpg,452,338,152776,1580,BB_output\0146.jpg
0147.jpg,452,338,152776,1580,BB_output\0147.jpg
0148.jpg,452,337,152324,1578,BB_output\0148.jpg
0149.jpg,452,338,152776,1580,BB_output\0149.jpg
0150.jpg,452,338,152776,1580,BB_output\0150.jpg
0151.jpg,452,338,152776,1580,BB_output\0151.jpg
0152.jpg,452,337,152324,1578,BB_output\0152.jpg
0153.jpg,452,338,152776,1580,BB_output\0153.jpg
0154.jpg,452,338,152776,1580,BB_output\0154.jpg
0155.jpg,452,338,152776,1580,BB_output\0155.jpg
0156.jpg,452,338,152776,1580,BB_output\0156.jpg
0157.jpg,452,338,152776,1580,BB_output\0157.jpg
0158.jpg,452,338,152776,1580,BB_output\0158.jpg
0159.jpg,452,338,152776,1580,BB_output\0159.jpg
0160.jpg,452,338,152776,1580,BB_output\0160.jpg
0161.jpg,452,337,152324,1578,BB_output\0161.jpg
0162.jpg,452,338,152776,1580,BB_output\0162.jpg
0163.jpg,452,337,152324,1578,BB_output\0163.jpg
0164.jpg,452,338,152776,1580,BB_output\0164.jpg
0165.jpg,452,338,152776,1580,BB_output\0165.jpg
0166.jpg,452,338,152776,1580,BB_output\0166.jpg
0167.jpg,452,338,152776,1580,BB_output\0167.jpg
0168.jpg,452,338,152776,1580,BB_output\0168.jpg
0169.jpg,452,337,152324,1578,BB_output\0169.jpg
0170.jpg,452,338,152776,1580,BB_output\0170.jpg
0171.jpg,452,337,152324,1578,BB_output\0171.jpg
0172.jpg,452,337,152324,1578,BB_output\0172.jpg
0173.jpg,452,338,152776,1580,BB_output\0173.jpg
0174.jpg,452,338,152776,1580,BB_output\0174.jpg
0175.jpg,452,337,152324,1578,BB_output\0175.jpg
0176.jpg,452,338,152776,1580,BB_output\0176.jpg
0177.jpg,452,337,152324,1578,BB_output\0177.jpg
0178.jpg,452,337,152324,1578,BB_output\0178.jpg
0179.jpg,452,337,152324,1578,BB_output\0179.jpg
0180.jpg,452,338,152776,1580,BB_output\0180.jpg
0181.jpg,452,338,152776,1580,BB_output\0181.jpg
0182.jpg,452,338,152776,1580,BB_output\0182.jpg
0183.jpg,452,338,152776,1580,BB_output\0183.jpg
0184.jpg,452,337,152324,1578,BB_output\0184.jpg
0185.jpg,452,338,152776,1580,BB_output\0185.jpg
0186.jpg,452,338,152776,1580,BB_output\0186.jpg
0187.jpg,452,338,152776,1580,BB_output\0187.jpg
0188.jpg,452,337,152324,1578,BB_output\0188.jpg
0189.jpg,452,337,152324,1578,BB_output\0189.jpg
0190.jpg,452,338,152776,1580,BB_output\0190.jpg
0191.jpg,452,337,152324,1578,BB_output\0191.jpg
0192.jpg,452,338,152776,1580,BB_output\0192.jpg
0193.jpg,452,338,152776,1580,BB_output\0193.jpg
0194.jpg,452,337,152324,1578,BB_output\0194.jpg
0195.jpg,452,337,152324,1578,BB_output\0195.jpg
0196.jpg,452,338,152776,1580,BB_output\0196.jpg
0197.jpg,452,338,152776,1580,BB_output\0197.jpg
0198.jpg,452,338,152776,1580,BB_output\0198.jpg
0199.jpg,452,338,152776,1580,BB_output\0199.jpg
0200.jpg,452,338,152776,1580,BB_output\0200.jpg
0201.jpg,452,338,152776,1580,BB_output\0201.jpg
0202.jpg,452,338,152776,1580,BB_output\0202.jpg
0203.jpg,452,337,152324,1578,BB_output\0203.jpg
0204.jpg,452,337,152324,1578,BB_output\0204.jpg
0205.jpg,452,337,152324,1578,BB_output\0205.jpg
0206.jpg,452,338,152776,1580,BB_output\0206.jpg
0207.jpg,452,338,152776,1580,BB_output\0207.jpg
0208.jpg,452,338,152776,1580,BB_output\0208.jpg
0209.jpg,452,338,152776,1580,BB_output\0209.jpg
0210.jpg,452,338,152776,1580,BB_output\0210.jpg
0211.jpg,452,337,152324,1578,BB_output\0211.jpg
0212.jpg,452,338,152776,1580,BB_output\0212.jpg
0213.jpg,452,337,152324,1578,BB_output\0213.jpg
0214.jpg,452,338,152776,1580,BB_output\0214.jpg
0215.jpg,452,337,152324,1578,BB_output\0215.jpg
0216.jpg,452,337,152324,1578,BB_output\0216.jpg
0217.jpg,452,338,152776,1580,BB_output\0217.jpg
0218.jpg,452,338,152776,1580,BB_output\0218.jpg
0219.jpg,452,338,152776,1580,BB_output\0219.jpg
0220.jpg,452,337,152324,1578,BB_output\0220.jpg
0221.jpg,452,338,152776,1580,BB_output\0221.jpg
0222.jpg,452,337,152324,1578,BB_output\0222.jpg
0223.jpg,452,338,152776,1580,BB_output\0223.jpg
0224.jpg,452,337,152324,1578,BB_output\0224.jpg
0225.jpg,452,337,152324,1578,BB_output\0225.jpg
0226.jpg,452,338,152776,1580,BB_output\0226.jpg
0227.jpg,452,338,152776,1580,BB_output\0227.jpg
0228.jpg,452,338,152776,1580,BB_output\0228.jpg
0229.jpg,452,338,152776,1580,BB_output\0229.jpg
0230.jpg,452,338,152776,1580,BB_output\0230.jpg
0231.jpg,452,338,152776,1580,BB_output\0231.jpg
0232.jpg,452,338,152776,1580,BB_output\0232.jpg
0233.jpg,452,338,152776,1580,BB_output\0233.jpg
0234.jpg,452,338,152776,1580,BB_output\0234.jpg
0235.jpg,452,337,152324,1578,BB_output\0235.jpg
0236.jpg,452,338,152776,1580,BB_output\0236.jpg
0237.jpg,452,338,152776,1580,BB_output\0237.jpg
0238.jpg,452,337,152324,1578,BB_output\0238.jpg
0239.jpg,452,338,152776,1580,BB_output\0239.jpg
0240.jpg,452,337,152324,1578,BB_output\0240.jpg
0241.jpg,452,338,152776,1580,BB_output\0241.jpg
0242.jpg,452,338,152776,1580,BB_output\0242.jpg
0243.jpg,452,338,152776,1580,BB_output\0243.jpg
0244.jpg,452,338,152776,1580,BB_output\0244.jpg
0245.jpg,452,337,152324,1578,BB_output\0245.jpg
0246.jpg,452,338,152776,1580,BB_output\0246.jpg
0247.jpg,452,338,152776,1580,BB_output\0247.jpg
0248.jpg,452,338,152776,1580,BB_output\0248.jpg
0249.jpg,452,338,152776,1580,BB_output\0249.jpg
0250.jpg,452,338,152776,1580,BB_output\0250.jpg
0251.jpg,452,337,152324,1578,BB_output\0251.jpg
0252.jpg,452,337,152324,1578,BB_output\0252.jpg
0253.jpg,452,338,152776,1580,BB_output\0253.jpg
0254.jpg,452,338,152776,1580,BB_output\0254.jpg
0255.jpg,452,338,152776,1580,BB_output\0255.jpg
0256.jpg,452,338,152776,1580,BB_output\0256.jpg
0257.jpg,452,338,152776,1580,BB_output\0257.jpg
0258.jpg,452,337,152324,1578,BB_output\0258.jpg
0259.jpg,452,338,152776,1580,BB_output\0259.jpg
0260.jpg,452,338,152776,1580,BB_output\0260.jpg
0261.jpg,452,338,152776,1580,BB_output\0261.jpg
0262.jpg,452,337,152324,1578,BB_output\0262.jpg
0263.jpg,452,337,152324,1578,BB_output\0263.jpg
0264.jpg,452,338,152776,1580,BB_output\0264.jpg
0265.jpg,452,338,152776,1580,BB_output\0265.jpg
0266.jpg,452,338,152776,1580,BB_output\0266.jpg
0267.jpg,452,338,152776,1580,BB_output\0267.jpg
0268.jpg,452,338,152776,1580,BB_output\0268.jpg
0269.jpg,452,337,152324,1578,BB_output\0269.jpg
0270.jpg,452,338,152776,1580,BB_output\0270.jpg
0271.jpg,452,338,152776,1580,BB_output\0271.jpg
0272.jpg,452,338,152776,1580,BB_output\0272.jpg
0273.jpg,452,338,152776,1580,BB_output\0273.jpg
0274.jpg,452,338,152776,1580,BB_output\0274.jpg
0275.jpg,452,338,152776,1580,BB_output\0275.jpg
0276.jpg,452,337,152324,1578,BB_output\0276.jpg
0277.jpg,452,337,152324,1578,BB_output\0277.jpg
0278.jpg,452,338,152776,1580,BB_output\0278.jpg
0279.jpg,452,338,152776,1580,BB_output\0279.jpg
0280.jpg,452,338,152776,1580,BB_output\0280.jpg
0281.jpg,452,337,152324,1578,BB_output\0281.jpg
0282.jpg,452,338,152776,1580,BB_output\0282.jpg
0283.jpg,452,338,152776,1580,BB_output\0283.jpg
0284.jpg,452,337,152324,1578,BB_output\0284.jpg
0285.jpg,452,338,152776,1580,BB_output\0285.jpg
0286.jpg,452,338,152776,1580,BB_output\0286.jpg
0287.jpg,452,338,152776,1580,BB_output\0287.jpg
0288.jpg,452,338,152776,1580,BB_output\0288.jpg
0289.jpg,452,338,152776,1580,BB_output\0289.jpg
0290.jpg,452,338,152776,1580,BB_output\0290.jpg
0291.jpg,452,338,152776,1580,BB_output\0291.jpg
0292.jpg,452,338,152776,1580,BB_output\0292.jpg
0293.jpg,452,337,152324,1578,BB_output\0293.jpg
0294.jpg,452,338,152776,1580,BB_output\0294.jpg
0295.jpg,452,338,152776,1580,BB_output\0295.jpg
0296.jpg,452,338,152776,1580,BB_output\0296.jpg
0297.jpg,452,337,152324,1578,BB_output\0297.jpg
0298.jpg,452,338,152776,1580,BB_output\0298.jpg
0299.jpg,452,338,152776,1580,BB_output\0299.jpg
0300.jpg,452,338,152776,1580,BB_output\0300.jpg
0301.jpg,452,338,152776,1580,BB_output\0301.jpg
0302.jpg,452,338,152776,1580,BB_output\0302.jpg
0303.jpg,452,337,152324,1578,BB_output\0303.jpg
0304.jpg,452,337,152324,1578,BB_output\0304.jpg
0305.jpg,452,337,152324,1578,BB_output\0305.jpg
0306.jpg,452,337,152324,1578,BB_output\0306.jpg
0307.jpg,452,337,152324,1578,BB_output\0307.jpg
0308.jpg,452,338,152776,1580,BB_output\0308.jpg
0309.jpg,452,338,152776,1580,BB_output\0309.jpg
0310.jpg,452,338,152776,1580,BB_output\0310.jpg
0311.jpg,452,337,152324,1578,BB_output\0311.jpg
0312.jpg,452,337,152324,1578,BB_output\0312.jpg
0313.jpg,452,337,152324,1578,BB_output\0313.jpg
0314.jpg,452,337,152324,1578,BB_output\0314.jpg
0315.jpg,452,338,152776,1580,BB_output\0315.jpg
0316.jpg,452,338,152776,1580,BB_output\0316.jpg
0317.jpg,452,338,152776,1580,BB_output\0317.jpg
0318.jpg,452,338,152776,1580,BB_output\0318.jpg
0319.jpg,452,338,152776,1580,BB_output\0319.jpg
0320.jpg,452,338,152776,1580,BB_output\0320.jpg
0321.jpg,452,338,152776,1580,BB_output\0321.jpg
0322.jpg,452,338,152776,1580,BB_output\0322.jpg
0323.jpg,452,337,152324,1578,BB_output\0323.jpg
0324.jpg,452,338,152776,1580,BB_output\0324.jpg
0325.jpg,452,338,152776,1580,BB_output\0325.jpg
0326.jpg,452,338,152776,1580,BB_output\0326.jpg
0327.jpg,452,337,152324,1578,BB_output\0327.jpg
0328.jpg,452,338,152776,1580,BB_output\0328.jpg
0329.jpg,452,337,152324,1578,BB_output\0329.jpg
0330.jpg,452,338,152776,1580,BB_output\0330.jpg
0331.jpg,452,338,152776,1580,BB_output\0331.jpg
0332.jpg,452,338,152776,1580,BB_output\0332.jpg
0333.jpg,452,338,152776,1580,BB_output\0333.jpg
0334.jpg,452,338,152776,1580,BB_output\0334.jpg
0335.jpg,452,338,152776,1580,BB_output\0335.jpg
0336.jpg,452,337,152324,1578,BB_output\0336.jpg
0337.jpg,452,338,152776,1580,BB_output\0337.jpg
0338.jpg,452,337,152324,1578,BB_output\0338.jpg
0339.jpg,452,337,152324,1578,BB_output\0339.jpg
0340.jpg,452,338,152776,1580,BB_output\0340.jpg
0341.jpg,452,338,152776,1580,BB_output\0341.jpg
0342.jpg,452,338,152776,1580,BB_output\0342.jpg
0343.jpg,452,337,152324,1578,BB_output\0343.jpg
0344.jpg,452,338,152776,1580,BB_output\0344.jpg
0345.jpg,452,338,152776,1580,BB_output\0345.jpg
0346.jpg,452,338,152776,1580,BB_output\0346.jpg
0347.jpg,452,338,152776,1580,BB_output\0347.jpg
0348.jpg,452,337,152324,1578,BB_output\0348.jpg
0349.jpg,452,338,152776,1580,BB_output\0349.jpg
0350.jpg,452,337,152324,1578,BB_output\0350.jpg
0351.jpg,452,337,152324,1578,BB_output\0351.jpg
0352.jpg,452,338,152776,1580,BB_output\0352.jpg
0353.jpg,452,337,152324,1578,BB_output\0353.jpg
0354.jpg,452,338,152776,1580,BB_output\0354.jpg
0355.jpg,452,338,152776,1580,BB_output\0355.jpg
0356.jpg,452,337,152324,1578,BB_output\0356.jpg
0357.jpg,452,338,152776,1580,BB_output\0357.jpg
0358.jpg,452,338,152776,1580,BB_output\0358.jpg
0359.jpg,452,337,152324,1578,BB_output\0359.jpg
0360.jpg,452,337,152324,1578,BB_output\0360.jpg
0361.jpg,452,338,152776,1580,BB_output\0361.jpg
0362.jpg,452,338,152776,1580,BB_output\0362.jpg
0363.jpg,452,338,152776,1580,BB_output\0363.jpg
0364.jpg,452,338,152776,1580,BB_output\0364.jpg
0365.jpg,452,338,152776,1580,BB_output\0365.jpg
0366.jpg,452,338,152776,1580,BB_output\0366.jpg
0367.jpg,452,338,152776,1580,BB_output\0367.jpg
0368.jpg,452,337,152324,1578,BB_output\0368.jpg
0369.jpg,452,338,152776,1580,BB_output\0369.jpg
0370.jpg,452,337,152324,1578,BB_output\0370.jpg
0371.jpg,452,338,152776,1580,BB_output\0371.jpg
0372.jpg,452,338,152776,1580,BB_output\0372.jpg
0373.jpg,452,338,152776,1580,BB_output\0373.jpg
0374.jpg,452,338,152776,1580,BB_output\0374.jpg
0375.jpg,452,338,152776,1580,BB_output\0375.jpg
0376.jpg,452,337,152324,1578,BB_output\0376.jpg
0377.jpg,452,338,152776,1580,BB_output\0377.jpg
0378.jpg,452,338,152776,1580,BB_output\0378.jpg
0379.jpg,452,338,152776,1580,BB_output\0379.jpg
0380.jpg,452,338,152776,1580,BB_output\0380.jpg
0381.jpg,452,338,152776,1580,BB_output\0381.jpg
0382.jpg,452,338,152776,1580,BB_output\0382.jpg
0383.jpg,452,337,152324,1578,BB_output\0383.jpg
0384.jpg,452,338,152776,1580,BB_output\0384.jpg
0385.jpg,452,338,152776,1580,BB_output\0385.jpg
0386.jpg,452,337,152324,1578,BB_output\0386.jpg
0387.jpg,452,337,152324,1578,BB_output\0387.jpg
0388.jpg,452,338,152776,1580,BB_output\0388.jpg
0389.jpg,452,338,152776,1580,BB_output\0389.jpg
0390.jpg,452,338,152776,1580,BB_output\0390.jpg
0391.jpg,452,337,152324,1578,BB_output\0391.jpg
0392.jpg,452,338,152776,1580,BB_output\0392.jpg
0393.jpg,452,338,152776,1580,BB_output\0393.jpg
0394.jpg,452,338,152776,1580,BB_output\0394.jpg
0395.jpg,452,338,152776,1580,BB_output\0395.jpg
0396.jpg,452,338,152776,1580,BB_output\0396.jpg
0397.jpg,452,337,152324,1578,BB_output\0397.jpg
0398.jpg,452,338,152776,1580,BB_output\0398.jpg
0399.jpg,452,338,152776,1580,BB_output\0399.jpg
0400.jpg,452,338,152776,1580,BB_output\0400.jpg
0401.jpg,452,338,152776,1580,BB_output\0401.jpg
0402.jpg,452,338,152776,1580,BB_output\0402.jpg
0403.jpg,452,338,152776,1580,BB_output\0403.jpg
0404.jpg,452,338,152776,1580,BB_output\0404.jpg
0405.jpg,452,337,152324,1578,BB_output\0405.jpg
0406.jpg,452,338,152776,1580,BB_output\0406.jpg
0407.jpg,452,338,152776,1580,BB_output\0407.jpg
0408.jpg,452,338,152776,1580,BB_output\0408.jpg
0409.jpg,452,337,152324,1578,BB_output\0409.jpg
0410.jpg,452,337,152324,1578,BB_output\0410.jpg
0411.jpg,452,338,152776,1580,BB_output\0411.jpg
0412.jpg,452,337,152324,1578,BB_output\0412.jpg
0413.jpg,452,338,152776,1580,BB_output\0413.jpg
0414.jpg,452,338,152776,1580,BB_output\0414.jpg
0415.jpg,452,338,152776,1580,BB_output\0415.jpg
0416.jpg,452,338,152776,1580,BB_output\0416.jpg
0417.jpg,452,338,152776,1580,BB_output\0417.jpg
0418.jpg,452,338,152776,1580,BB_output\0418.jpg
0419.jpg,452,337,152324,1578,BB_output\0419.jpg
0420.jpg,452,338,152776,1580,BB_output\0420.jpg
0421.jpg,452,338,152776,1580,BB_output\0421.jpg
0422.jpg,452,337,152324,1578,BB_output\0422.jpg
0423.jpg,452,338,152776,1580,BB_output\0423.jpg
0424.jpg,452,337,152324,1578,BB_output\0424.jpg
0425.jpg,452,338,152776,1580,BB_output\0425.jpg
0426.jpg,452,338,152776,1580,BB_output\0426.jpg
0427.jpg,452,338,152776,1580,BB_output\0427.jpg
0428.jpg,452,337,152324,1578,BB_output\0428.jpg
0429.jpg,452,338,152776,1580,BB_output\0429.jpg
0430.jpg,452,338,152776,1580,BB_output\0430.jpg
0431.jpg,452,337,152324,1578,BB_output\0431.jpg
0432.jpg,452,337,152324,1578,BB_output\0432.jpg
0433.jpg,452,337,152324,1578,BB_output\0433.jpg
0434.jpg,452,337,152324,1578,BB_output\0434.jpg
0435.jpg,452,337,152324,1578,BB_output\0435.jpg
0436.jpg,452,338,152776,1580,BB_output\0436.jpg
0437.jpg,452,338,152776,1580,BB_output\0437.jpg
0438.jpg,452,338,152776,1580,BB_output\0438.jpg
0439.jpg,452,337,152324,1578,BB_output\0439.jpg
0440.jpg,452,338,152776,1580,BB_output\0440.jpg
0441.jpg,452,337,152324,1578,BB_output\0441.jpg
0442.jpg,452,338,152776,1580,BB_output\0442.jpg
0443.jpg,452,338,152776,1580,BB_output\0443.jpg
0444.jpg,452,338,152776,1580,BB_output\0444.jpg
0445.jpg,452,337,152324,1578,BB_output\0445.jpg
0446.jpg,452,338,152776,1580,BB_output\0446.jpg
0447.jpg,452,338,152776,1580,BB_output\0447.jpg
0448.jpg,452,337,152324,1578,BB_output\0448.jpg
0449.jpg,452,338,152776,1580,BB_output\0449.jpg
0450.jpg,452,338,152776,1580,BB_output\0450.jpg
0451.jpg,452,338,152776,1580,BB_output\0451.jpg
0452.jpg,452,338,152776,1580,BB_output\0452.jpg
0453.jpg,452,338,152776,1580,BB_output\0453.jpg
0454.jpg,452,338,152776,1580,BB_output\0454.jpg
0455.jpg,452,338,152776,1580,BB_output\0455.jpg
0456.jpg,452,338,152776,1580,BB_output\0456.jpg
0457.jpg,452,338,152776,1580,BB_output\0457.jpg
0458.jpg,452,338,152776,1580,BB_output\0458.jpg
0459.jpg,452,337,152324,1578,BB_output\0459.jpg
0460.jpg,452,338,152776,1580,BB_output\0460.jpg
0461.jpg,452,338,152776,1580,BB_output\0461.jpg
0462.jpg,452,338,152776,1580,BB_output\0462.jpg
0463.jpg,452,337,152324,1578,BB_output\0463.jpg
0464.jpg,452,338,152776,1580,BB_output\0464.jpg
0465.jpg,452,338,152776,1580,BB_output\0465.jpg
0466.jpg,452,337,152324,1578,BB_output\0466.jpg
0467.jpg,452,337,152324,1578,BB_output\0467.jpg
0468.jpg,452,338,152776,1580,BB_output\0468.jpg
0469.jpg,452,338,152776,1580,BB_output\0469.jpg
0470.jpg,452,338,152776,1580,BB_output\0470.jpg
0471.jpg,452,338,152776,1580,BB_output\0471.jpg
0472.jpg,452,338,152776,1580,BB_output\0472.jpg
0473.jpg,452,338,152776,1580,BB_output\0473.jpg
0474.jpg,452,338,152776,1580,BB_output\0474.jpg
0475.jpg,452,338,152776,1580,BB_output\0475.jpg
0476.jpg,452,338,152776,1580,BB_output\0476.jpg
0477.jpg,452,337,152324,1578,BB_output\0477.jpg
0478.jpg,452,338,152776,1580,BB_output\0478.jpg
0479.jpg,452,337,152324,1578,BB_output\0479.jpg
0480.jpg,452,337,152324,1578,BB_output\0480.jpg
0481.jpg,452,338,152776,1580,BB_output\0481.jpg
0482.jpg,452,338,152776,1580,BB_output\0482.jpg
0483.jpg,452,337,152324,1578,BB_output\0483.jpg
0484.jpg,452,337,152324,1578,BB_output\0484.jpg
0485.jpg,452,338,152776,1580,BB_output\0485.jpg
0486.jpg,452,338,152776,1580,BB_output\0486.jpg
0487.jpg,452,338,152776,1580,BB_output\0487.jpg
0488.jpg,452,338,152776,1580,BB_output\0488.jpg
0489.jpg,452,337,152324,1578,BB_output\0489.jpg
0490.jpg,452,338,152776,1580,BB_output\0490.jpg
0491.jpg,452,338,152776,1580,BB_output\0491.jpg
0492.jpg,452,337,152324,1578,BB_output\0492.jpg
0493.jpg,452,337,152324,1578,BB_output\0493.jpg
0494.jpg,452,338,152776,1580,BB_output\0494.jpg
0495.jpg,452,338,152776,1580,BB_output\0495.jpg
0496.jpg,452,338,152776,1580,BB_output\0496.jpg
0497.jpg,452,338,152776,1580,BB_output\0497.jpg
0498.jpg,452,337,152324,1578,BB_output\0498.jpg
0499.jpg,452,338,152776,1580,BB_output\0499.jpg
0500.jpg,452,338,152776,1580,BB_output\0500.jpg
0501.jpg,452,338,152776,1580,BB_output\0501.jpg
0502.jpg,452,338,152776,1580,BB_output\0502.jpg
0503.jpg,452,338,152776,1580,BB_output\0503.jpg
0504.jpg,452,337,152324,1578,BB_output\0504.jpg
0505.jpg,452,338,152776,1580,BB_output\0505.jpg
0506.jpg,452,337,152324,1578,BB_output\0506.jpg
0507.jpg,452,338,152776,1580,BB_output\0507.jpg
0508.jpg,452,337,152324,1578,BB_output\0508.jpg
0509.jpg,452,337,152324,1578,BB_output\0509.jpg
0510.jpg,452,337,152324,1578,BB_output\0510.jpg
0511.jpg,452,338,152776,1580,BB_output\0511.jpg
0512.jpg,452,338,152776,1580,BB_output\0512.jpg
0513.jpg,452,338,152776,1580,BB_output\0513.jpg
0514.jpg,452,338,152776,1580,BB_output\0514.jpg
0515.jpg,452,338,152776,1580,BB_output\0515.jpg
0516.jpg,452,338,152776,1580,BB_output\0516.jpg
0517.jpg,452,338,152776,1580,BB_output\0517.jpg
0518.jpg,452,337,152324,1578,BB_output\0518.jpg
0519.jpg,452,338,152776,1580,BB_output\0519.jpg
0520.jpg,452,338,152776,1580,BB_output\0520.jpg
0521.jpg,452,338,152776,1580,BB_output\0521.jpg
0522.jpg,452,338,152776,1580,BB_output\0522.jpg
0523.jpg,452,338,152776,1580,BB_output\0523.jpg
0524.jpg,452,337,152324,1578,BB_output\0524.jpg
0525.jpg,452,338,152776,1580,BB_output\0525.jpg
0526.jpg,452,337,152324,1578,BB_output\0526.jpg
0527.jpg,452,337,152324,1578,BB_output\0527.jpg
0528.jpg,452,337,152324,1578,BB_output\0528.jpg
0529.jpg,452,338,152776,1580,BB_output\0529.jpg
0530.jpg,452,338,152776,1580,BB_output\0530.jpg
0531.jpg,452,338,152776,1580,BB_output\0531.jpg
0532.jpg,452,338,152776,1580,BB_output\0532.jpg
0533.jpg,452,338,152776,1580,BB_output\0533.jpg
0534.jpg,452,337,152324,1578,BB_output\0534.jpg
0535.jpg,452,338,152776,1580,BB_output\0535.jpg
0536.jpg,452,338,152776,1580,BB_output\0536.jpg
0537.jpg,452,338,152776,1580,BB_output\0537.jpg
0538.jpg,452,337,152324,1578,BB_output\0538.jpg
0539.jpg,452,338,152776,1580,BB_output\0539.jpg
0540.jpg,452,338,152776,1580,BB_output\0540.jpg
0541.jpg,452,337,152324,1578,BB_output\0541.jpg
0542.jpg,452,338,152776,1580,BB_output\0542.jpg
0543.jpg,452,337,152324,1578,BB_output\0543.jpg
0544.jpg,452,337,152324,1578,BB_output\0544.jpg
0545.jpg,452,338,152776,1580,BB_output\0545.jpg
0546.jpg,452,337,152324,1578,BB_output\0546.jpg
0547.jpg,452,338,152776,1580,BB_output\0547.jpg
0548.jpg,452,338,152776,1580,BB_output\0548.jpg
0549.jpg,452,338,152776,1580,BB_output\0549.jpg
0550.jpg,452,338,152776,1580,BB_output\0550.jpg
0551.jpg,452,337,152324,1578,BB_output\0551.jpg
0552.jpg,452,338,152776,1580,BB_output\0552.jpg
0553.jpg,452,338,152776,1580,BB_output\0553.jpg
0554.jpg,452,338,152776,1580,BB_output\0554.jpg
0555.jpg,452,338,152776,1580,BB_output\0555.jpg
0556.jpg,452,337,152324,1578,BB_output\0556.jpg
0557.jpg,452,338,152776,1580,BB_output\0557.jpg
0558.jpg,452,338,152776,1580,BB_output\0558.jpg
0559.jpg,452,338,152776,1580,BB_output\0559.jpg
0560.jpg,452,337,152324,1578,BB_output\0560.jpg
0561.jpg,452,337,152324,1578,BB_output\0561.jpg
0562.jpg,452,338,152776,1580,BB_output\0562.jpg
0563.jpg,452,337,152324,1578,BB_output\0563.jpg
0564.jpg,452,337,152324,1578,BB_output\0564.jpg
0565.jpg,452,338,152776,1580,BB_output\0565.jpg
0566.jpg,452,338,152776,1580,BB_output\0566.jpg
0567.jpg,452,337,152324,1578,BB_output\0567.jpg
0568.jpg,452,338,152776,1580,BB_output\0568.jpg
0569.jpg,452,337,152324,1578,BB_output\0569.jpg
0570.jpg,452,338,152776,1580,BB_output\0570.jpg
0571.jpg,452,338,152776,1580,BB_output\0571.jpg
0572.jpg,452,337,152324,1578,BB_output\0572.jpg
0573.jpg,452,338,152776,1580,BB_output\0573.jpg
0574.jpg,452,338,152776,1580,BB_output\0574.jpg
0575.jpg,452,338,152776,1580,BB_output\0575.jpg
0576.jpg,452,338,152776,1580,BB_output\0576.jpg
0577.jpg,452,337,152324,1578,BB_output\0577.jpg
0578.jpg,452,338,152776,1580,BB_output\0578.jpg
0579.jpg,452,338,152776,1580,BB_output\0579.jpg
0580.jpg,452,338,152776,1580,BB_output\0580.jpg
0581.jpg,452,337,152324,1578,BB_output\0581.jpg
0582.jpg,452,338,152776,1580,BB_output\0582.jpg
0583.jpg,452,338,152776,1580,BB_output\0583.jpg
0584.jpg,452,338,152776,1580,BB_output\0584.jpg
0585.jpg,452,337,152324,1578,BB_output\0585.jpg
0586.jpg,452,338,152776,1580,BB_output\0586.jpg
0587.jpg,452,338,152776,1580,BB_output\0587.jpg
0588.jpg,452,338,152776,1580,BB_output\0588.jpg
0589.jpg,452,338,152776,1580,BB_output\0589.jpg
0590.jpg,452,338,152776,1580,BB_output\0590.jpg
0591.jpg,452,338,152776,1580,BB_output\0591.jpg
0592.jpg,452,338,152776,1580,BB_output\0592.jpg
0593.jpg,452,338,152776,1580,BB_output\0593.jpg
0594.jpg,452,338,152776,1580,BB_output\0594.jpg
0595.jpg,452,338,152776,1580,BB_output\0595.jpg
0596.jpg,452,337,152324,1578,BB_output\0596.jpg
0597.jpg,452,338,152776,1580,BB_output\0597.jpg
0598.jpg,452,337,152324,1578,BB_output\0598.jpg
0599.jpg,452,338,152776,1580,BB_output\0599.jpg
0600.jpg,452,338,152776,1580,BB_output\0600.jpg
0601.jpg,452,338,152776,1580,BB_output\0601.jpg
0602.jpg,452,337,152324,1578,BB_output\0602.jpg
0603.jpg,452,338,152776,1580,BB_output\0603.jpg
0604.jpg,452,338,152776,1580,BB_output\0604.jpg
0605.jpg,452,338,152776,1580,BB_output\0605.jpg
0606.jpg,452,338,152776,1580,BB_output\0606.jpg
0607.jpg,452,338,152776,1580,BB_output\0607.jpg
0608.jpg,452,337,152324,1578,BB_output\0608.jpg
0609.jpg,452,338,152776,1580,BB_output\0609.jpg
0610.jpg,452,338,152776,1580,BB_output\0610.jpg
0611.jpg,452,338,152776,1580,BB_output\0611.jpg
0612.jpg,452,337,152324,1578,BB_output\0612.jpg
0613.jpg,452,337,152324,1578,BB_output\0613.jpg
0614.jpg,452,337,152324,1578,BB_output\0614.jpg
0615.jpg,452,338,152776,1580,BB_output\0615.jpg
0616.jpg,452,337,152324,1578,BB_output\0616.jpg
0617.jpg,452,338,152776,1580,BB_output\0617.jpg
0618.jpg,452,337,152324,1578,BB_output\0618.jpg
0619.jpg,452,338,152776,1580,BB_output\0619.jpg
0620.jpg,452,338,152776,1580,BB_output\0620.jpg
0621.jpg,452,338,152776,1580,BB_output\0621.jpg
0622.jpg,452,338,152776,1580,BB_output\0622.jpg
0623.jpg,452,338,152776,1580,BB_output\0623.jpg
0624.jpg,452,338,152776,1580,BB_output\0624.jpg
0625.jpg,452,338,152776,1580,BB_output\0625.jpg
0626.jpg,452,337,152324,1578,BB_output\0626.jpg
0627.jpg,452,338,152776,1580,BB_output\0627.jpg
0628.jpg,452,338,152776,1580,BB_output\0628.jpg
0629.jpg,452,338,152776,1580,BB_output\0629.jpg
0630.jpg,452,337,152324,1578,BB_output\0630.jpg
0631.jpg,452,338,152776,1580,BB_output\0631.jpg
0632.jpg,452,338,152776,1580,BB_output\0632.jpg
0633.jpg,452,338,152776,1580,BB_output\0633.jpg
0634.jpg,452,337,152324,1578,BB_output\0634.jpg
0635.jpg,452,337,152324,1578,BB_output\0635.jpg
0636.jpg,452,338,152776,1580,BB_output\0636.jpg
0637.jpg,452,337,152324,1578,BB_output\0637.jpg
0638.jpg,452,338,152776,1580,BB_output\0638.jpg
0639.jpg,452,338,152776,1580,BB_output\0639.jpg
0640.jpg,452,337,152324,1578,BB_output\0640.jpg
0641.jpg,452,338,152776,1580,BB_output\0641.jpg
0642.jpg,452,338,152776,1580,BB_output\0642.jpg
0643.jpg,452,338,152776,1580,BB_output\0643.jpg
0644.jpg,452,338,152776,1580,BB_output\0644.jpg
0645.jpg,452,338,152776,1580,BB_output\0645.jpg
0646.jpg,452,337,152324,1578,BB_output\0646.jpg
0647.jpg,452,338,152776,1580,BB_output\0647.jpg
0648.jpg,452,337,152324,1578,BB_output\0648.jpg
0649.jpg,452,337,152324,1578,BB_output\0649.jpg
0650.jpg,452,338,152776,1580,BB_output\0650.jpg
0651.jpg,452,337,152324,1578,BB_output\0651.jpg
0652.jpg,452,337,152324,1578,BB_output\0652.jpg
0653.jpg,452,338,152776,1580,BB_output\0653.jpg
0654.jpg,452,338,152776,1580,BB_output\0654.jpg
0655.jpg,452,338,152776,1580,BB_output\0655.jpg
0656.jpg,452,338,152776,1580,BB_output\0656.jpg
0657.jpg,452,337,152324,1578,BB_output\0657.jpg
0658.jpg,452,338,152776,1580,BB_output\0658.jpg
0659.jpg,452,337,152324,1578,BB_output\0659.jpg
0660.jpg,452,338,152776,1580,BB_output\0660.jpg
0661.jpg,452,338,152776,1580,BB_output\0661.jpg
0662.jpg,452,338,152776,1580,BB_output\0662.jpg
0663.jpg,452,338,152776,1580,BB_output\0663.jpg
0664.jpg,452,337,152324,1578,BB_output\0664.jpg
0665.jpg,452,338,152776,1580,BB_output\0665.jpg
0666.jpg,452,338,152776,1580,BB_output\0666.jpg
0667.jpg,452,338,152776,1580,BB_output\0667.jpg
0668.jpg,452,337,152324,1578,BB_output\0668.jpg
0669.jpg,452,338,152776,1580,BB_output\0669.jpg
0670.jpg,452,338,152776,1580,BB_output\0670.jpg
0671.jpg,452,338,152776,1580,BB_output\0671.jpg
0672.jpg,452,338,152776,1580,BB_output\0672.jpg
0673.jpg,452,337,152324,1578,BB_output\0673.jpg
0674.jpg,452,338,152776,1580,BB_output\0674.jpg
0675.jpg,452,338,152776,1580,BB_output\0675.jpg
0676.jpg,452,338,152776,1580,BB_output\0676.jpg
0677.jpg,452,338,152776,1580,BB_output\0677.jpg
0678.jpg,452,337,152324,1578,BB_output\0678.jpg
0679.jpg,452,337,152324,1578,BB_output\0679.jpg
0680.jpg,452,337,152324,1578,BB_output\0680.jpg
0681.jpg,452,338,152776,1580,BB_output\0681.jpg
0682.jpg,452,338,152776,1580,BB_output\0682.jpg
0683.jpg,452,337,152324,1578,BB_output\0683.jpg
0684.jpg,452,338,152776,1580,BB_output\0684.jpg
0685.jpg,452,338,152776,1580,BB_output\0685.jpg
0686.jpg,452,338,152776,1580,BB_output\0686.jpg
0687.jpg,452,338,152776,1580,BB_output\0687.jpg
0688.jpg,452,338,152776,1580,BB_output\0688.jpg
0689.jpg,452,338,152776,1580,BB_output\0689.jpg
0690.jpg,452,338,152776,1580,BB_output\0690.jpg
0691.jpg,452,338,152776,1580,BB_output\0691.jpg
0692.jpg,452,337,152324,1578,BB_output\0692.jpg
0693.jpg,452,338,152776,1580,BB_output\0693.jpg
0694.jpg,452,338,152776,1580,BB_output\0694.jpg
0695.jpg,452,338,152776,1580,BB_output\0695.jpg
0696.jpg,452,338,152776,1580,BB_output\0696.jpg
0697.jpg,452,338,152776,1580,BB_output\0697.jpg
0698.jpg,452,338,152776,1580,BB_output\0698.jpg
0699.jpg,452,338,152776,1580,BB_output\0699.jpg
0700.jpg,452,338,152776,1580,BB_output\0700.jpg
0701.jpg,452,338,152776,1580,BB_output\0701.jpg
0702.jpg,452,337,152324,1578,BB_output\0702.jpg
0703.jpg,452,338,152776,1580,BB_output\0703.jpg
0704.jpg,452,338,152776,1580,BB_output\0704.jpg
0705.jpg,452,338,152776,1580,BB_output\0705.jpg
0706.jpg,452,338,152776,1580,BB_output\0706.jpg
0707.jpg,452,338,152776,1580,BB_output\0707.jpg
0708.jpg,452,338,152776,1580,BB_output\0708.jpg
0709.jpg,452,338,152776,1580,BB_output\0709.jpg
0710.jpg,452,338,152776,1580,BB_output\0710.jpg
0711.jpg,452,338,152776,1580,BB_output\0711.jpg
0712.jpg,452,337,152324,1578,BB_output\0712.jpg
0713.jpg,452,338,152776,1580,BB_output\0713.jpg
0714.jpg,452,338,152776,1580,BB_output\0714.jpg
0715.jpg,452,338,152776,1580,BB_output\0715.jpg
0716.jpg,452,338,152776,1580,BB_output\0716.jpg
0717.jpg,452,338,152776,1580,BB_output\0717.jpg
0718.jpg,452,338,152776,1580,BB_output\0718.jpg
0719.jpg,452,337,152324,1578,BB_output\0719.jpg
0720.jpg,452,338,152776,1580,BB_output\0720.jpg
0721.jpg,452,338,152776,1580,BB_output\0721.jpg
0722.jpg,452,338,152776,1580,BB_output\0722.jpg
0723.jpg,452,337,152324,1578,BB_output\0723.jpg
0724.jpg,452,338,152776,1580,BB_output\0724.jpg
0725.jpg,452,338,152776,1580,BB_output\0725.jpg
0726.jpg,452,338,152776,1580,BB_output\0726.jpg
0727.jpg,452,338,152776,1580,BB_output\0727.jpg
0728.jpg,452,337,152324,1578,BB_output\0728.jpg
0729.jpg,452,338,152776,1580,BB_output\0729.jpg
0730.jpg,452,338,152776,1580,BB_output\0730.jpg
0731.jpg,452,338,152776,1580,BB_output\0731.jpg
0732.jpg,452,338,152776,1580,BB_output\0732.jpg
0733.jpg,452,337,152324,1578,BB_output\0733.jpg
0734.jpg,452,337,152324,1578,BB_output\0734.jpg
0735.jpg,452,338,152776,1580,BB_output\0735.jpg
0736.jpg,452,337,152324,1578,BB_output\0736.jpg
0737.jpg,452,338,152776,1580,BB_output\0737.jpg
0738.jpg,452,338,152776,1580,BB_output\0738.jpg
0739.jpg,452,338,152776,1580,BB_output\0739.jpg
0740.jpg,452,338,152776,1580,BB_output\0740.jpg
0741.jpg,452,338,152776,1580,BB_output\0741.jpg
0742.jpg,452,338,152776,1580,BB_output\0742.jpg
0743.jpg,452,338,152776,1580,BB_output\0743.jpg
0744.jpg,452,338,152776,1580,BB_output\0744.jpg
0745.jpg,452,338,152776,1580,BB_output\0745.jpg
0746.jpg,452,337,152324,1578,BB_output\0746.jpg
0747.jpg,452,338,152776,1580,BB_output\0747.jpg
0748.jpg,452,338,152776,1580,BB_output\0748.jpg
0749.jpg,452,338,152776,1580,BB_output\0749.jpg
0750.jpg,452,338,152776,1580,BB_output\0750.jpg
0751.jpg,452,337,152324,1578,BB_output\0751.jpg
0752.jpg,452,338,152776,1580,BB_output\0752.jpg
0753.jpg,452,338,152776,1580,BB_output\0753.jpg
0754.jpg,452,338,152776,1580,BB_output\0754.jpg
0755.jpg,452,338,152776,1580,BB_output\0755.jpg
0756.jpg,452,338,152776,1580,BB_output\0756.jpg
0757.jpg,452,338,152776,1580,BB_output\0757.jpg
0758.jpg,452,337,152324,1578,BB_output\0758.jpg
0759.jpg,452,338,152776,1580,BB_output\0759.jpg
0760.jpg,452,338,152776,1580,BB_output\0760.jpg
0761.jpg,452,338,152776,1580,BB_output\0761.jpg
0762.jpg,452,338,152776,1580,BB_output\0762.jpg
0763.jpg,452,338,152776,1580,BB_output\0763.jpg
0764.jpg,452,338,152776,1580,BB_output\0764.jpg
0765.jpg,452,338,152776,1580,BB_output\0765.jpg
0766.jpg,452,337,152324,1578,BB_output\0766.jpg
0767.jpg,452,337,152324,1578,BB_output\0767.jpg
0768.jpg,452,338,152776,1580,BB_output\0768.jpg
0769.jpg,452,338,152776,1580,BB_output\0769.jpg
0770.jpg,452,338,152776,1580,BB_output\0770.jpg
0771.jpg,452,338,152776,1580,BB_output\0771.jpg
0772.jpg,452,337,152324,1578,BB_output\0772.jpg
0773.jpg,452,337,152324,1578,BB_output\0773.jpg
0774.jpg,452,338,152776,1580,BB_output\0774.jpg
0775.jpg,452,338,152776,1580,BB_output\0775.jpg
0776.jpg,452,338,152776,1580,BB_output\0776.jpg
0777.jpg,452,338,152776,1580,BB_output\0777.jpg
0778.jpg,452,338,152776,1580,BB_output\0778.jpg
0779.jpg,452,337,152324,1578,BB_output\0779.jpg
0780.jpg,452,338,152776,1580,BB_output\0780.jpg
0781.jpg,452,338,152776,1580,BB_output\0781.jpg
0782.jpg,452,337,152324,1578,BB_output\0782.jpg
0783.jpg,452,338,152776,1580,BB_output\0783.jpg
0784.jpg,452,338,152776,1580,BB_output\0784.jpg
0785.jpg,452,338,152776,1580,BB_output\0785.jpg
0786.jpg,452,338,152776,1580,BB_output\0786.jpg
0787.jpg,452,338,152776,1580,BB_output\0787.jpg
0788.jpg,452,338,152776,1580,BB_output\0788.jpg
0789.jpg,452,338,152776,1580,BB_output\0789.jpg
0790.jpg,452,338,152776,1580,BB_output\0790.jpg
0791.jpg,452,338,152776,1580,BB_output\0791.jpg
0792.jpg,452,337,152324,1578,BB_output\0792.jpg
0793.jpg,452,338,152776,1580,BB_output\0793.jpg
0794.jpg,452,337,152324,1578,BB_output\0794.jpg
0795.jpg,452,338,152776,1580,BB_output\0795.jpg
0796.jpg,452,338,152776,1580,BB_output\0796.jpg
0797.jpg,452,338,152776,1580,BB_output\0797.jpg
0798.jpg,452,338,152776,1580,BB_output\0798.jpg
0799.jpg,452,338,152776,1580,BB_output\0799.jpg
0800.jpg,452,338,152776,1580,BB_output\0800.jpg
0801.jpg,452,338,152776,1580,BB_output\0801.jpg
0802.jpg,452,338,152776,1580,BB_output\0802.jpg
0803.jpg,452,338,152776,1580,BB_output\0803.jpg
0804.jpg,452,337,152324,1578,BB_output\0804.jpg
0805.jpg,452,337,152324,1578,BB_output\0805.jpg
0806.jpg,452,337,152324,1578,BB_output\0806.jpg
0807.jpg,452,338,152776,1580,BB_output\0807.jpg
0808.jpg,452,338,152776,1580,BB_output\0808.jpg
0809.jpg,452,338,152776,1580,BB_output\0809.jpg
0810.jpg,452,338,152776,1580,BB_output\0810.jpg
0811.jpg,452,338,152776,1580,BB_output\0811.jpg
0812.jpg,452,338,152776,1580,BB_output\0812.jpg
0813.jpg,452,338,152776,1580,BB_output\0813.jpg
0814.jpg,452,337,152324,1578,BB_output\0814.jpg
0815.jpg,452,337,152324,1578,BB_output\0815.jpg
0816.jpg,452,338,152776,1580,BB_output\0816.jpg
0817.jpg,452,337,152324,1578,BB_output\0817.jpg
0818.jpg,452,338,152776,1580,BB_output\0818.jpg
0819.jpg,452,338,152776,1580,BB_output\0819.jpg
0820.jpg,452,338,152776,1580,BB_output\0820.jpg
0821.jpg,452,338,152776,1580,BB_output\0821.jpg
0822.jpg,452,338,152776,1580,BB_output\0822.jpg
0823.jpg,452,338,152776,1580,BB_output\0823.jpg
0824.jpg,452,338,152776,1580,BB_output\0824.jpg
0825.jpg,452,338,152776,1580,BB_output\0825.jpg
0826.jpg,452,338,152776,1580,BB_output\0826.jpg
0827.jpg,452,338,152776,1580,BB_output\0827.jpg
0828.jpg,452,338,152776,1580,BB_output\0828.jpg
0829.jpg,452,338,152776,1580,BB_output\0829.jpg
0830.jpg,452,338,152776,1580,BB_output\0830.jpg
0831.jpg,452,338,152776,1580,BB_output\0831.jpg
0832.jpg,452,338,152776,1580,BB_output\0832.jpg
0833.jpg,452,338,152776,1580,BB_output\0833.jpg
0834.jpg,452,338,152776,1580,BB_output\0834.jpg
0835.jpg,452,338,152776,1580,BB_output\0835.jpg
0836.jpg,452,338,152776,1580,BB_output\0836.jpg
0837.jpg,452,337,152324,1578,BB_output\0837.jpg
0838.jpg,452,337,152324,1578,BB_output\0838.jpg
0839.jpg,452,337,152324,1578,BB_output\0839.jpg
0840.jpg,452,337,152324,1578,BB_output\0840.jpg
0841.jpg,452,338,152776,1580,BB_output\0841.jpg
0842.jpg,452,337,152324,1578,BB_output\0842.jpg
0843.jpg,452,337,152324,1578,BB_output\0843.jpg
0844.jpg,452,338,152776,1580,BB_output\0844.jpg
0845.jpg,452,338,152776,1580,BB_output\0845.jpg
0846.jpg,452,338,152776,1580,BB_output\0846.jpg
0847.jpg,452,337,152324,1578,BB_output\0847.jpg
0848.jpg,452,338,152776,1580,BB_output\0848.jpg
0849.jpg,452,338,152776,1580,BB_output\0849.jpg
0850.jpg,452,338,152776,1580,BB_output\0850.jpg
0851.jpg,452,338,152776,1580,BB_output\0851.jpg
0852.jpg,452,337,152324,1578,BB_output\0852.jpg
0853.jpg,452,338,152776,1580,BB_output\0853.jpg
0854.jpg,452,338,152776,1580,BB_output\0854.jpg
0855.jpg,452,338,152776,1580,BB_output\0855.jpg
0856.jpg,452,337,152324,1578,BB_output\0856.jpg
0857.jpg,452,337,152324,1578,BB_output\0857.jpg
0858.jpg,452,338,152776,1580,BB_output\0858.jpg
0859.jpg,452,338,152776,1580,BB_output\0859.jpg
0860.jpg,452,338,152776,1580,BB_output\0860.jpg
0861.jpg,452,337,152324,1578,BB_output\0861.jpg
0862.jpg,452,338,152776,1580,BB_output\0862.jpg
0863.jpg,452,338,152776,1580,BB_output\0863.jpg
0864.jpg,452,338,152776,1580,BB_output\0864.jpg
0865.jpg,452,338,152776,1580,BB_output\0865.jpg
0866.jpg,452,337,152324,1578,BB_output\0866.jpg
0867.jpg,452,337,152324,1578,BB_output\0867.jpg
0868.jpg,452,338,152776,1580,BB_output\0868.jpg
0869.jpg,452,338,152776,1580,BB_output\0869.jpg
0870.jpg,452,337,152324,1578,BB_output\0870.jpg
0871.jpg,452,338,152776,1580,BB_output\0871.jpg
0872.jpg,452,338,152776,1580,BB_output\0872.jpg
0873.jpg,452,337,152324,1578,BB_output\0873.jpg
0874.jpg,452,338,152776,1580,BB_output\0874.jpg
0875.jpg,452,337,152324,1578,BB_output\0875.jpg
0876.jpg,452,338,152776,1580,BB_output\0876.jpg
0877.jpg,452,338,152776,1580,BB_output\0877.jpg
0878.jpg,452,338,152776,1580,BB_output\0878.jpg
0879.jpg,452,338,152776,1580,BB_output\0879.jpg
0880.jpg,452,337,152324,1578,BB_output\0880.jpg
0881.jpg,452,338,152776,1580,BB_output\0881.jpg
0882.jpg,452,338,152776,1580,BB_output\0882.jpg
0883.jpg,452,337,152324,1578,BB_output\0883.jpg
0884.jpg,452,338,152776,1580,BB_output\0884.jpg
0885.jpg,452,338,152776,1580,BB_output\0885.jpg
0886.jpg,452,338,152776,1580,BB_output\0886.jpg
0887.jpg,452,338,152776,1580,BB_output\0887.jpg
0888.jpg,452,338,152776,1580,BB_output\0888.jpg
0889.jpg,452,338,152776,1580,BB_output\0889.jpg
0890.jpg,452,338,152776,1580,BB_output\0890.jpg
0891.jpg,452,337,152324,1578,BB_output\0891.jpg
0892.jpg,452,338,152776,1580,BB_output\0892.jpg
0893.jpg,452,337,152324,1578,BB_output\0893.jpg
0894.jpg,452,338,152776,1580,BB_output\0894.jpg
0895.jpg,452,338,152776,1580,BB_output\0895.jpg
0896.jpg,452,338,152776,1580,BB_output\0896.jpg
0897.jpg,452,338,152776,1580,BB_output\0897.jpg
0898.jpg,452,337,152324,1578,BB_output\0898.jpg
0899.jpg,452,337,152324,1578,BB_output\0899.jpg
0900.jpg,452,338,152776,1580,BB_output\0900.jpg
0901.jpg,452,338,152776,1580,BB_output\0901.jpg
0902.jpg,452,338,152776,1580,BB_output\0902.jpg
0903.jpg,452,338,152776,1580,BB_output\0903.jpg
0904.jpg,452,338,152776,1580,BB_output\0904.jpg
0905.jpg,452,338,152776,1580,BB_output\0905.jpg
0906.jpg,452,338,152776,1580,BB_output\0906.jpg
0907.jpg,452,338,152776,1580,BB_output\0907.jpg
0908.jpg,452,338,152776,1580,BB_output\0908.jpg
0909.jpg,452,338,152776,1580,BB_output\0909.jpg
0910.jpg,452,337,152324,1578,BB_output\0910.jpg
0911.jpg,452,338,152776,1580,BB_output\0911.jpg
0912.jpg,452,338,152776,1580,BB_output\0912.jpg
0913.jpg,452,338,152776,1580,BB_output\0913.jpg
0914.jpg,452,338,152776,1580,BB_output\0914.jpg
0915.jpg,452,337,152324,1578,BB_output\0915.jpg
0916.jpg,452,338,152776,1580,BB_output\0916.jpg
0917.jpg,452,338,152776,1580,BB_output\0917.jpg
0918.jpg,452,338,152776,1580,BB_output\0918.jpg
0919.jpg,452,337,152324,1578,BB_output\0919.jpg
0920.jpg,452,338,152776,1580,BB_output\0920.jpg
0921.jpg,452,338,152776,1580,BB_output\0921.jpg
0922.jpg,452,338,152776,1580,BB_output\0922.jpg
0923.jpg,452,338,152776,1580,BB_output\0923.jpg
0924.jpg,452,337,152324,1578,BB_output\0924.jpg
0925.jpg,452,338,152776,1580,BB_output\0925.jpg
0926.jpg,452,338,152776,1580,BB_output\0926.jpg
0927.jpg,452,338,152776,1580,BB_output\0927.jpg
0928.jpg,452,338,152776,1580,BB_output\0928.jpg
0929.jpg,452,337,152324,1578,BB_output\0929.jpg
0930.jpg,452,338,152776,1580,BB_output\0930.jpg
0931.jpg,452,338,152776,1580,BB_output\0931.jpg
0932.jpg,452,338,152776,1580,BB_output\0932.jpg
0933.jpg,452,337,152324,1578,BB_output\0933.jpg
0934.jpg,452,337,152324,1578,BB_output\0934.jpg
0935.jpg,452,337,152324,1578,BB_output\0935.jpg
0936.jpg,452,338,152776,1580,BB_output\0936.jpg
0937.jpg,452,337,152324,1578,BB_output\0937.jpg
0938.jpg,452,338,152776,1580,BB_output\0938.jpg
0939.jpg,452,338,152776,1580,BB_output\0939.jpg
0940.jpg,452,338,152776,1580,BB_output\0940.jpg
0941.jpg,452,338,152776,1580,BB_output\0941.jpg
0942.jpg,452,338,152776,1580,BB_output\0942.jpg
0943.jpg,452,338,152776,1580,BB_output\0943.jpg
0944.jpg,452,338,152776,1580,BB_output\0944.jpg
0945.jpg,452,337,152324,1578,BB_output\0945.jpg
0946.jpg,452,337,152324,1578,BB_output\0946.jpg
0947.jpg,452,338,152776,1580,BB_output\0947.jpg
0948.jpg,452,337,152324,1578,BB_output\0948.jpg
0949.jpg,452,337,152324,1578,BB_output\0949.jpg
0950.jpg,452,337,152324,1578,BB_output\0950.jpg
0951.jpg,452,338,152776,1580,BB_output\0951.jpg
0952.jpg,452,338,152776,1580,BB_output\0952.jpg
0953.jpg,452,338,152776,1580,BB_output\0953.jpg
0954.jpg,452,338,152776,1580,BB_output\0954.jpg
0955.jpg,452,338,152776,1580,BB_output\0955.jpg
0956.jpg,452,338,152776,1580,BB_output\0956.jpg
0957.jpg,452,338,152776,1580,BB_output\0957.jpg
0958.jpg,452,338,152776,1580,BB_output\0958.jpg
0959.jpg,452,338,152776,1580,BB_output\0959.jpg
0960.jpg,452,338,152776,1580,BB_output\0960.jpg
0961.jpg,452,338,152776,1580,BB_output\0961.jpg
0962.jpg,452,338,152776,1580,BB_output\0962.jpg
0963.jpg,452,338,152776,1580,BB_output\0963.jpg
0964.jpg,452,338,152776,1580,BB_output\0964.jpg
0965.jpg,452,337,152324,1578,BB_output\0965.jpg
0966.jpg,452,338,152776,1580,BB_output\0966.jpg
0967.jpg,452,337,152324,1578,BB_output\0967.jpg
0968.jpg,452,337,152324,1578,BB_output\0968.jpg
0969.jpg,452,338,152776,1580,BB_output\0969.jpg
0970.jpg,452,337,152324,1578,BB_output\0970.jpg
0971.jpg,452,338,152776,1580,BB_output\0971.jpg
0972.jpg,452,338,152776,1580,BB_output\0972.jpg
0973.jpg,452,338,152776,1580,BB_output\0973.jpg
0974.jpg,452,338,152776,1580,BB_output\0974.jpg
0975.jpg,452,338,152776,1580,BB_output\0975.jpg
0976.jpg,452,338,152776,1580,BB_output\0976.jpg
0977.jpg,452,338,152776,1580,BB_output\0977.jpg
0978.jpg,452,337,152324,1578,BB_output\0978.jpg
0979.jpg,452,338,152776,1580,BB_output\0979.jpg
0980.jpg,452,338,152776,1580,BB_output\0980.jpg
0981.jpg,452,338,152776,1580,BB_output\0981.jpg
0982.jpg,452,338,152776,1580,BB_output\0982.jpg
0983.jpg,452,337,152324,1578,BB_output\0983.jpg
0984.jpg,452,338,152776,1580,BB_output\0984.jpg
0985.jpg,452,337,152324,1578,BB_output\0985.jpg
0986.jpg,452,338,152776,1580,BB_output\0986.jpg
0987.jpg,452,338,152776,1580,BB_output\0987.jpg
0988.jpg,452,338,152776,1580,BB_output\0988.jpg
0989.jpg,452,338,152776,1580,BB_output\0989.jpg
0990.jpg,452,337,152324,1578,BB_output\0990.jpg
0991.jpg,452,338,152776,1580,BB_output\0991.jpg
0992.jpg,452,338,152776,1580,BB_output\0992.jpg
0993.jpg,452,338,152776,1580,BB_output\0993.jpg
0994.jpg,452,338,152776,1580,BB_output\0994.jpg
0995.jpg,452,338,152776,1580,BB_output\0995.jpg
0996.jpg,452,337,152324,1578,BB_output\0996.jpg
0997.jpg,452,338,152776,1580,BB_output\0997.jpg
0998.jpg,452,338,152776,1580,BB_output\0998.jpg
0999.jpg,452,338,152776,1580,BB_output\0999.jpg
1000.jpg,452,338,152776,1580,BB_output\1000.jpg
1001.jpg,452,338,152776,1580,BB_output\1001.jpg
1002.jpg,452,338,152776,1580,BB_output\1002.jpg
1003.jpg,452,338,152776,1580,BB_output\1003.jpg
1004.jpg,452,337,152324,1578,BB_output\1004.jpg
1005.jpg,452,338,152776,1580,BB_output\1005.jpg
1006.jpg,452,337,152324,1578,BB_output\1006.jpg
1007.jpg,452,337,152324,1578,BB_output\1007.jpg
1008.jpg,452,337,152324,1578,BB_output\1008.jpg
1009.jpg,452,338,152776,1580,BB_output\1009.jpg
1010.jpg,452,338,152776,1580,BB_output\1010.jpg
1011.jpg,452,337,152324,1578,BB_output\1011.jpg
1012.jpg,452,338,152776,1580,BB_output\1012.jpg
1013.jpg,452,337,152324,1578,BB_output\1013.jpg
1014.jpg,452,337,152324,1578,BB_output\1014.jpg
1015.jpg,452,338,152776,1580,BB_output\1015.jpg
1016.jpg,452,338,152776,1580,BB_output\1016.jpg
1017.jpg,452,337,152324,1578,BB_output\1017.jpg
1018.jpg,452,338,152776,1580,BB_output\1018.jpg
1019.jpg,452,338,152776,1580,BB_output\1019.jpg
1020.jpg,452,338,152776,1580,BB_output\1020.jpg
1021.jpg,452,338,152776,1580,BB_output\1021.jpg
1022.jpg,452,338,152776,1580,BB_output\1022.jpg
1023.jpg,452,337,152324,1578,BB_output\1023.jpg
1024.jpg,452,338,152776,1580,BB_output\1024.jpg
1025.jpg,452,337,152324,1578,BB_output\1025.jpg
1026.jpg,452,338,152776,1580,BB_output\1026.jpg
1027.jpg,452,338,152776,1580,BB_output\1027.jpg
1028.jpg,452,338,152776,1580,BB_output\1028.jpg
1029.jpg,452,337,152324,1578,BB_output\1029.jpg
1030.jpg,452,338,152776,1580,BB_output\1030.jpg
1031.jpg,452,337,152324,1578,BB_output\1031.jpg
1032.jpg,452,338,152776,1580,BB_output\1032.jpg
1033.jpg,452,337,152324,1578,BB_output\1033.jpg
1034.jpg,452,337,152324,1578,BB_output\1034.jpg
1035.jpg,452,338,152776,1580,BB_output\1035.jpg
1036.jpg,452,338,152776,1580,BB_output\1036.jpg
1037.jpg,452,338,152776,1580,BB_output\1037.jpg
1038.jpg,452,337,152324,1578,BB_output\1038.jpg
1039.jpg,452,338,152776,1580,BB_output\1039.jpg
1040.jpg,452,338,152776,1580,BB_output\1040.jpg
1041.jpg,452,337,152324,1578,BB_output\1041.jpg
1042.jpg,452,337,152324,1578,BB_output\1042.jpg
1043.jpg,452,338,152776,1580,BB_output\1043.jpg
1044.jpg,452,338,152776,1580,BB_output\1044.jpg
1045.jpg,452,337,152324,1578,BB_output\1045.jpg
1046.jpg,452,338,152776,1580,BB_output\1046.jpg
1047.jpg,452,338,152776,1580,BB_output\1047.jpg
1048.jpg,452,338,152776,1580,BB_output\1048.jpg
1049.jpg,452,337,152324,1578,BB_output\1049.jpg
1050.jpg,452,338,152776,1580,BB_output\1050.jpg
1051.jpg,452,338,152776,1580,BB_output\1051.jpg
1052.jpg,452,338,152776,1580,BB_output\1052.jpg
1053.jpg,452,338,152776,1580,BB_output\1053.jpg
1054.jpg,452,338,152776,1580,BB_output\1054.jpg
1055.jpg,452,338,152776,1580,BB_output\1055.jpg
1056.jpg,452,338,152776,1580,BB_output\1056.jpg
1057.jpg,452,338,152776,1580,BB_output\1057.jpg
1058.jpg,452,338,152776,1580,BB_output\1058.jpg
1059.jpg,452,338,152776,1580,BB_output\1059.jpg
1060.jpg,452,337,152324,1578,BB_output\1060.jpg
1061.jpg,452,338,152776,1580,BB_output\1061.jpg
1062.jpg,452,338,152776,1580,BB_output\1062.jpg
1063.jpg,452,337,152324,1578,BB_output\1063.jpg
1064.jpg,452,338,152776,1580,BB_output\1064.jpg
1065.jpg,452,337,152324,1578,BB_output\1065.jpg
1066.jpg,452,338,152776,1580,BB_output\1066.jpg
1067.jpg,452,338,152776,1580,BB_output\1067.jpg
1068.jpg,452,338,152776,1580,BB_output\1068.jpg
1069.jpg,452,338,152776,1580,BB_output\1069.jpg
1070.jpg,452,338,152776,1580,BB_output\1070.jpg
1071.jpg,452,338,152776,1580,BB_output\1071.jpg
1072.jpg,452,337,152324,1578,BB_output\1072.jpg
1073.jpg,452,338,152776,1580,BB_output\1073.jpg
1074.jpg,452,337,152324,1578,BB_output\1074.jpg
1075.jpg,452,337,152324,1578,BB_output\1075.jpg
1076.jpg,452,337,152324,1578,BB_output\1076.jpg
1077.jpg,452,337,152324,1578,BB_output\1077.jpg
1078.jpg,452,338,152776,1580,BB_output\1078.jpg
1079.jpg,452,338,152776,1580,BB_output\1079.jpg
1080.jpg,452,338,152776,1580,BB_output\1080.jpg
1081.jpg,452,338,152776,1580,BB_output\1081.jpg
1082.jpg,452,337,152324,1578,BB_output\1082.jpg
1083.jpg,452,338,152776,1580,BB_output\1083.jpg
1084.jpg,452,338,152776,1580,BB_output\1084.jpg
1085.jpg,452,338,152776,1580,BB_output\1085.jpg
1086.jpg,452,337,152324,1578,BB_output\1086.jpg
1087.jpg,452,338,152776,1580,BB_output\1087.jpg
1088.jpg,452,338,152776,1580,BB_output\1088.jpg
1089.jpg,452,338,152776,1580,BB_output\1089.jpg
1090.jpg,452,338,152776,1580,BB_output\1090.jpg
1091.jpg,452,338,152776,1580,BB_output\1091.jpg
1092.jpg,452,337,152324,1578,BB_output\1092.jpg
1093.jpg,452,338,152776,1580,BB_output\1093.jpg
1094.jpg,452,337,152324,1578,BB_output\1094.jpg
1095.jpg,452,338,152776,1580,BB_output\1095.jpg
1096.jpg,452,338,152776,1580,BB_output\1096.jpg
1097.jpg,452,338,152776,1580,BB_output\1097.jpg
1098.jpg,452,337,152324,1578,BB_output\1098.jpg
1099.jpg,452,338,152776,1580,BB_output\1099.jpg
1100.jpg,452,338,152776,1580,BB_output\1100.jpg
1101.jpg,452,337,152324,1578,BB_output\1101.jpg
1102.jpg,452,337,152324,1578,BB_output\1102.jpg
1103.jpg,452,338,152776,1580,BB_output\1103.jpg
1104.jpg,452,338,152776,1580,BB_output\1104.jpg
1105.jpg,452,338,152776,1580,BB_output\1105.jpg
1106.jpg,452,337,152324,1578,BB_output\1106.jpg
1107.jpg,452,338,152776,1580,BB_output\1107.jpg
1108.jpg,452,338,152776,1580,BB_output\1108.jpg
1109.jpg,452,338,152776,1580,BB_output\1109.jpg
1110.jpg,452,338,152776,1580,BB_output\1110.jpg
1111.jpg,452,338,152776,1580,BB_output\1111.jpg
1112.jpg,452,338,152776,1580,BB_output\1112.jpg
1113.jpg,452,338,152776,1580,BB_output\1113.jpg
1114.jpg,452,338,152776,1580,BB_output\1114.jpg
1115.jpg,452,337,152324,1578,BB_output\1115.jpg
1116.jpg,452,338,152776,1580,BB_output\1116.jpg
1117.jpg,452,338,152776,1580,BB_output\1117.jpg
1118.jpg,452,337,152324,1578,BB_output\1118.jpg
1119.jpg,452,338,152776,1580,BB_output\1119.jpg
1120.jpg,452,338,152776,1580,BB_output\1120.jpg
1121.jpg,452,338,152776,1580,BB_output\1121.jpg
1122.jpg,452,337,152324,1578,BB_output\1122.jpg
1123.jpg,452,338,152776,1580,BB_output\1123.jpg
1124.jpg,452,337,152324,1578,BB_output\1124.jpg
1125.jpg,452,338,152776,1580,BB_output\1125.jpg
1126.jpg,452,338,152776,1580,BB_output\1126.jpg
1127.jpg,452,338,152776,1580,BB_output\1127.jpg
1128.jpg,452,338,152776,1580,BB_output\1128.jpg
1129.jpg,452,337,152324,1578,BB_output\1129.jpg
1130.jpg,452,338,152776,1580,BB_output\1130.jpg
1131.jpg,452,338,152776,1580,BB_output\1131.jpg
1132.jpg,452,338,152776,1580,BB_output\1132.jpg
1133.jpg,452,338,152776,1580,BB_output\1133.jpg
1134.jpg,452,337,152324,1578,BB_output\1134.jpg
1135.jpg,452,337,152324,1578,BB_output\1135.jpg
1136.jpg,452,337,152324,1578,BB_output\1136.jpg
1137.jpg,452,338,152776,1580,BB_output\1137.jpg
1138.jpg,452,338,152776,1580,BB_output\1138.jpg
1139.jpg,452,338,152776,1580,BB_output\1139.jpg
1140.jpg,452,337,152324,1578,BB_output\1140.jpg
1141.jpg,452,338,152776,1580,BB_output\1141.jpg
1142.jpg,452,338,152776,1580,BB_output\1142.jpg
1143.jpg,452,337,152324,1578,BB_output\1143.jpg
1144.jpg,452,338,152776,1580,BB_output\1144.jpg
1145.jpg,452,338,152776,1580,BB_output\1145.jpg
1146.jpg,452,337,152324,1578,BB_output\1146.jpg
1147.jpg,452,338,152776,1580,BB_output\1147.jpg
1148.jpg,452,337,152324,1578,BB_output\1148.jpg
1149.jpg,452,338,152776,1580,BB_output\1149.jpg
1150.jpg,452,338,152776,1580,BB_output\1150.jpg
1151.jpg,452,338,152776,1580,BB_output\1151.jpg
1152.jpg,452,338,152776,1580,BB_output\1152.jpg
1153.jpg,452,338,152776,1580,BB_output\1153.jpg
1154.jpg,452,338,152776,1580,BB_output\1154.jpg
1155.jpg,452,338,152776,1580,BB_output\1155.jpg
1156.jpg,452,338,152776,1580,BB_output\1156.jpg
1157.jpg,452,337,152324,1578,BB_output\1157.jpg
1158.jpg,452,337,152324,1578,BB_output\1158.jpg
1159.jpg,452,338,152776,1580,BB_output\1159.jpg
1160.jpg,452,338,152776,1580,BB_output\1160.jpg
1161.jpg,452,338,152776,1580,BB_output\1161.jpg
1162.jpg,452,337,152324,1578,BB_output\1162.jpg
1163.jpg,452,338,152776,1580,BB_output\1163.jpg
1164.jpg,452,338,152776,1580,BB_output\1164.jpg
1165.jpg,452,338,152776,1580,BB_output\1165.jpg
1166.jpg,452,338,152776,1580,BB_output\1166.jpg
1167.jpg,452,337,152324,1578,BB_output\1167.jpg
1168.jpg,452,338,152776,1580,BB_output\1168.jpg
1169.jpg,452,338,152776,1580,BB_output\1169.jpg
1170.jpg,452,338,152776,1580,BB_output\1170.jpg
1171.jpg,452,338,152776,1580,BB_output\1171.jpg
1172.jpg,452,337,152324,1578,BB_output\1172.jpg
1173.jpg,452,338,152776,1580,BB_output\1173.jpg
1174.jpg,452,338,152776,1580,BB_output\1174.jpg
1175.jpg,452,338,152776,1580,BB_output\1175.jpg
1176.jpg,452,338,152776,1580,BB_output\1176.jpg
1177.jpg,452,338,152776,1580,BB_output\1177.jpg
1178.jpg,452,338,152776,1580,BB_output\1178.jpg
1179.jpg,452,338,152776,1580,BB_output\1179.jpg
1180.jpg,452,337,152324,1578,BB_output\1180.jpg
1181.jpg,452,338,152776,1580,BB_output\1181.jpg
1182.jpg,452,338,152776,1580,BB_output\1182.jpg
1183.jpg,452,337,152324,1578,BB_output\1183.jpg
